videoId,title,description,channelTitle,channelId,publishedAt,searchQuery,url,viewCount,likeCount,commentCount,commentsFetched,year,year_month,channel_type
V07bI_iyMVA,Hantavirus cruise ship docks after seven weeks at sea,"For more context and news coverage of the most important stories of our day, click here: https://www.nbcnews.com » Subscribe to ...",NBC News,UCeY0bbntWzzVIaj2z3QigXg,2026-05-18 12:58:33+00:00,hantavirus outbreak news,https://www.youtube.com/watch?v=V07bI_iyMVA,1558,28,3,2,2026,2026-05,news_media
KpZN0OA0GNc,Hantavirus outbreak sparks global health concerns and panic-driven speculation,The Hantavirus outbreak linked to the MV Hondius cruise ship has brought issues of disease outbreaks and pandemic ...,SABC News,UC8yH-uI81UUtEMDsowQyx1g,2026-05-17 16:21:21+00:00,hantavirus outbreak news,https://www.youtube.com/watch?v=KpZN0OA0GNc,8521,0,25,17,2026,2026-05,news_media
4URktweTzV4,Cruise ship linked to deadly hantavirus outbreak to reach Netherlands I Know what happened so far,The cruise ship linked to the deadly hantavirus outbreak is expected to reach Rotterdam after multiple infections and deaths were ...,The New Indian Express,UCQtVJ-76KjPds9evTODkq-A,2026-05-18 08:08:09+00:00,hantavirus outbreak news,https://www.youtube.com/watch?v=4URktweTzV4,4046,24,6,5,2026,2026-05,general_trending
COt1faxmdO0,Hantavirus Outbreak | Learn English with the News,Today you'll learn English with a news article about Hantavirus to improve your fluency fast while building advanced vocabulary ...,JForrest English,UCLNBasuHKOILIwewAetJO6g,2026-05-18 12:00:30+00:00,hantavirus outbreak news,https://www.youtube.com/watch?v=COt1faxmdO0,1587,275,28,25,2026,2026-05,news_media
4KWbgoo60D4,Last people aboard hantavirus ship finally disembark,"The MV Hondius was carrying 25 crew members and two medical personnel as it reached Rotterdam, after all the passengers ...",Sky News,UCoMdktPbSTixAyNGwb-UYkQ,2026-05-18 12:01:14+00:00,hantavirus outbreak news,https://www.youtube.com/watch?v=4KWbgoo60D4,1643,17,1,1,2026,2026-05,news_media
r3OBHJRHv7o,What are the origins of hantavirus? How the virus tied to the cruise ship outbreak came to be.,"The deadly hantavirus outbreak on a Dutch-flagged cruise ship was caused by the Andes virus, the only known strain to spread ...",CBS News,UC8p1vwvWtl6T73JiExfWs1g,2026-05-15 15:35:40+00:00,hantavirus outbreak news,https://www.youtube.com/watch?v=r3OBHJRHv7o,13624,111,23,15,2026,2026-05,news_media
jbm9i7D8ues,Cruise ship hit by deadly hantavirus outbreak arrives in the NetherlandsMV,"The MV Hondius cruise ship, which has been rocked by a deadly hantavirus outbreak, has docked at its final destination in the ...",CBC News,UCuFFtHWoLl5fauMMD5Ww2jA,2026-05-18 14:02:37+00:00,hantavirus outbreak news,https://www.youtube.com/watch?v=jbm9i7D8ues,1746,23,0,0,2026,2026-05,news_media
1VvqvxtYFx0,🚢 🤢 Hantavirus Cruise Ship Outbreak: “Close Contact” - What It Really Means [Dr. Frita Explains],Did you know that just 15 minutes within six feet of someone infected with hantavirus could be enough exposure to change ...,Dr. Frita,UCBve_ppCNE67fs3MsIocitg,2026-05-16 15:09:59+00:00,hantavirus outbreak news,https://www.youtube.com/watch?v=1VvqvxtYFx0,56748,1961,111,70,2026,2026-05,medical_expert
fz4CUcb2GzY,How Worried Should We Be About Hantavirus?,"Our global health reporter, Apoorva Mandavilli, explains that there is no indication the hantavirus outbreak could turn into a ...",The New York Times,UCqnbDFdCpuN8CMEg0VuEBqA,2026-05-13 16:45:07+00:00,hantavirus outbreak news,https://www.youtube.com/watch?v=fz4CUcb2GzY,64544,1596,98,43,2026,2026-05,news_media
xGd0cmOyRJ8,LIVE: Hantavirus Outbreak News: 3 Dead On Cruise Ship | WHO Chief Briefs On Hantavirus | India Today,"A rare Hantavirus outbreak has struck the luxury expedition cruise ship MV Hondius, leaving three passengers dead and several ...",India Today,UCYPvAwZP8pZhSMW8qs7cVCw,2026-05-17 02:09:55+00:00,hantavirus outbreak news,https://www.youtube.com/watch?v=xGd0cmOyRJ8,17111,59,3,3,2026,2026-05,news_media
JUa1-X6DJYs,Officials tracking at least 41 Americans after deadly hantavirus outbreak,"The number of Americans being monitored after the deadly hantavirus cruise ship outbreak has grown to at least 41, including ...",ABC News,UCBi2mrWuNuyYy4gbM6fU18Q,2026-05-15 01:46:41+00:00,hantavirus outbreak news,https://www.youtube.com/watch?v=JUa1-X6DJYs,51248,343,306,143,2026,2026-05,news_media
wf6JWXltPhw,Why health officials expect hantavirus cases to continue rising,Global health officials are warning that hantavirus cases stemming from a cruise ship outbreak could continue to rise. Dr. Abraar ...,CBS News,UC8p1vwvWtl6T73JiExfWs1g,2026-05-13 00:38:50+00:00,hantavirus outbreak news,https://www.youtube.com/watch?v=wf6JWXltPhw,103607,877,621,336,2026,2026-05,news_media
N3ix1yLW0LI,“No sign” of larger hantavirus outbreak after passengers disembark cruise ship: WHO,Nations worldwide are waiting anxiously to see if more cases of a deadly hantavirus strain materialize after passengers of the ...,Global News,UChLtXXpo4Ge1ReTEboVvTDg,2026-05-12 19:01:40+00:00,hantavirus cruise ship outbreak,https://www.youtube.com/watch?v=N3ix1yLW0LI,57220,443,82,51,2026,2026-05,news_media
yFuu5Ih_IFA,Hantavirus: how scared should we be? | The Take,"Three people have died after a hantavirus outbreak on a cruise ship, which provoked global concern and revived memories of ...",Al Jazeera English,UCNye-wNBqNL5ZzHSJj3l8Bg,2026-05-15 15:52:15+00:00,hantavirus cruise ship outbreak,https://www.youtube.com/watch?v=yFuu5Ih_IFA,29345,678,170,96,2026,2026-05,news_media
gFCrBk-Hp-c,Global contact tracing underway for hantavirus as passengers return | NewsNation,"Passengers aboard the cruise ship at the center of a hantavirus outbreak are returning to their respective countries, but health ...",NewsNation,UCCjG8NtOig0USdrT5D1FpxQ,2026-05-13 21:45:37+00:00,hantavirus cruise ship outbreak,https://www.youtube.com/watch?v=gFCrBk-Hp-c,37342,288,58,19,2026,2026-05,news_media
PyCnWjW-syo,Captain of cruise ship with deadly hantavirus outbreak makes first public statement #shorts,news #hantavirus #health CBS News 24/7 is the premier anchored streaming news service from CBS News and Stations that is ...,CBS News,UC8p1vwvWtl6T73JiExfWs1g,2026-05-12 01:37:47+00:00,hantavirus cruise ship outbreak,https://www.youtube.com/watch?v=PyCnWjW-syo,41807,411,34,22,2026,2026-05,news_media
4IaV6Ht-z1k,Two more passengers evacuated from cruise ship test positive for hantavirus,A French woman and an American have tested positive for the hantavirus as nations around the world repatriated passengers ...,CHCH News,UCjkETDTi-OBxrN4z5lvaL5A,2026-05-11 15:55:05+00:00,hantavirus cruise ship outbreak,https://www.youtube.com/watch?v=4IaV6Ht-z1k,51264,357,0,0,2026,2026-05,news_media
EQbk1LWdsXQ,"Hantavirus death in Colorado, state says not linked to cruise ship outbreak","An adult in Douglas County has died from hantavirus, in a case that health officials say is not connected to the recent cruise ship ...",FOX31 Denver,UCkRP0nS2qERsw-U-OTLbI0A,2026-05-17 16:44:40+00:00,hantavirus cruise ship outbreak,https://www.youtube.com/watch?v=EQbk1LWdsXQ,3220,42,29,17,2026,2026-05,general_trending
E__4-fhFEdg,Cruise ship at center of hantavirus outbreak docks,"The cruise ship at the center of a hantavirus outbreak arrived in Spain, and officials started moving passengers back to their home ...",USA TODAY,UCP6HGa63sBC7-KHtkme-p-g,2026-05-10 15:24:06+00:00,hantavirus cruise ship outbreak,https://www.youtube.com/watch?v=E__4-fhFEdg,153036,1475,269,131,2026,2026-05,news_media
qvVlm4UdV3o,Three dead in suspected hantavirus outbreak on Atlantic cruise ship | BBC News,Three people have died after a suspected hantavirus outbreak on a cruise ship travelling from Argentina to Cape Verde.,BBC News,UC16niRr50-MSBwiO3YDb3RA,2026-05-04 09:04:12+00:00,hantavirus cruise ship outbreak,https://www.youtube.com/watch?v=qvVlm4UdV3o,132327,870,419,191,2026,2026-05,news_media
wsuoyLmsXyE,LIVE | Cruise Ship Hondius Arrives In Rotterdam Following Deadly Hantavirus Outbreak | APT,Join this channel to get access to perks: https://www.youtube.com/channel/UCpLEtz3H0jSfEneSdf1YKnw/join The cruise ship ...,APT,UCpLEtz3H0jSfEneSdf1YKnw,2026-05-18 06:37:47+00:00,hantavirus cruise ship news,https://www.youtube.com/watch?v=wsuoyLmsXyE,2103,21,0,0,2026,2026-05,general_trending
_qguRa1sLzE,Hantavirus Cruise Ship Arrives in Netherlands to Be Disinfected,The MV Hondius cruise ship at the center of the deadly hantavirus outbreak arrived in the Netherlands Monday where it will be ...,TODAY,UChDKyKQ59fYz3JO2fl0Z6sg,2026-05-18 12:21:46+00:00,hantavirus cruise ship news,https://www.youtube.com/watch?v=_qguRa1sLzE,348,7,0,0,2026,2026-05,general_trending
QcCr4lNRCN0,Lab tests confirm positive hantavirus case in B.C. cruise ship passenger,Federal officials confirmed Canada's first case of hantavirus linked to the outbreak on the MV Hondius cruise ship on Sunday.,CTV News,UCi7Zk9baY1tvdlgxIML8MXg,2026-05-17 17:25:59+00:00,hantavirus cruise ship news,https://www.youtube.com/watch?v=QcCr4lNRCN0,7313,24,20,11,2026,2026-05,news_media
R4F4qmQLKUs,Hantavirus cruise ship | MV Hondius returns to the Netherlands for disinfection,Watch live from Rotterdam as MV Hondius - the vessel at the centre of a deadly hantavirus outbreak - returns for disinfection.,Sky News,UCoMdktPbSTixAyNGwb-UYkQ,2026-05-18 09:32:06+00:00,hantavirus cruise ship news,https://www.youtube.com/watch?v=R4F4qmQLKUs,5497,28,3,2,2026,2026-05,news_media
ol1raCzz8Ic,Quarantined American from hantavirus cruise ship gets emotional over lack of human contact #shorts,news #hantavirus #health CBS News 24/7 is the premier anchored streaming news service from CBS News and Stations that is ...,CBS News,UC8p1vwvWtl6T73JiExfWs1g,2026-05-16 01:54:52+00:00,hantavirus cruise ship news,https://www.youtube.com/watch?v=ol1raCzz8Ic,53131,513,103,55,2026,2026-05,news_media
c6kTY3ycyBc,Hantavirus News: The Cruise Ship &amp; Is it Really Spreading?,Upgrade your closet with Quince. Go to https://www.Quince.com/annieelise for free shipping on your next order and 365-day ...,Annie Elise,UCOK0fZAUx82plnLhTKZW6qg,2026-05-15 16:00:56+00:00,hantavirus cruise ship news,https://www.youtube.com/watch?v=c6kTY3ycyBc,95190,6226,1364,781,2026,2026-05,news_media
v6_kHpmKVpo,Canadian from hantavirus-hit cruise ship tests positive. #Hantavirus #Canada #MVHondius #BBCNews,,BBC News,UC16niRr50-MSBwiO3YDb3RA,2026-05-17 12:45:04+00:00,hantavirus cruise ship news,https://www.youtube.com/watch?v=v6_kHpmKVpo,27402,360,59,33,2026,2026-05,news_media
5YQzp5p8zas,"Global health update: Hantavirus, Ebola",Authorities in Canada confirm that a Canadian citizen who was on the cruise ship has tested positive for hantavirus. Meanwhile ...,ABC News,UCBi2mrWuNuyYy4gbM6fU18Q,2026-05-18 02:45:00+00:00,hantavirus update,https://www.youtube.com/watch?v=5YQzp5p8zas,20093,261,172,85,2026,2026-05,news_media
76mNAdv6XcQ,Results return for hantavirus-hit cruise ship passengers | 9 News Australia,Six people stuck in a Perth quarantine centre have discovered whether they're infected with the deadly virus. | *Subscribe and ...,9 News Australia,UCIYLOcEUX6TbBo7HQVF2PKA,2026-05-17 10:14:52+00:00,hantavirus update,https://www.youtube.com/watch?v=76mNAdv6XcQ,8880,52,11,9,2026,2026-05,news_media
xypDBTMPH8M,Hantavirus Update. Everyone take a breath. #hantavirus  #virus  #doctor #anxiety,,Dr. Dan: Pediatrician,UCFtg8oLDaOhDiBWZH4Qcoig,2026-05-15 21:25:22+00:00,hantavirus update,https://www.youtube.com/watch?v=xypDBTMPH8M,44135,544,87,36,2026,2026-05,medical_expert
QKZCjuIWMQI,Hantavirus Update 05/14/26: Good News for Americans?,Source- World Health Organization An American passenger evacuated from the MV Hondius cruise ship experienced a shift in his ...,Dr Sermed Mezher,UC2A6IJQ6AZaK_f_r24his6g,2026-05-14 18:47:51+00:00,hantavirus update,https://www.youtube.com/watch?v=QKZCjuIWMQI,258568,12039,528,250,2026,2026-05,news_media
b9wU89vqtOs,Canadian tests positive for hantavirus after returning from cruise ship: BC officials,"At a press conference on Saturday, B.C. health officials say one of four Canadians isolating after returning from the MV Hondius ...",Global News,UChLtXXpo4Ge1ReTEboVvTDg,2026-05-16 19:33:14+00:00,hantavirus update,https://www.youtube.com/watch?v=b9wU89vqtOs,26781,291,428,147,2026,2026-05,news_media
Wzwf3phTHN0,Hantavirus UPDATE: Health Officials WARN Of Dangerous Variants,Hantavirus Spreading Faster Than Expected | Experts WORRIED Popular Video Content: US News: - http://bit.ly/USworldnews ...,Snyder Reports,UCGSS2mBuqH5MGDLP0Q5C7Kw,2026-05-15 15:00:49+00:00,hantavirus update,https://www.youtube.com/watch?v=Wzwf3phTHN0,39895,2202,627,422,2026,2026-05,medical_expert
By1LDwI9qlM,Emergency Of International Concern | High Risk Individuals WARNED To Stay Home,Emergency Of International Concern | High Risk Individuals WARNED To Stay Home Popular Video Content: US News: ...,Snyder Reports,UCGSS2mBuqH5MGDLP0Q5C7Kw,2026-05-17 15:00:13+00:00,hantavirus update,https://www.youtube.com/watch?v=By1LDwI9qlM,30432,1999,517,334,2026,2026-05,general_trending
voiuEKaBs1I,"Hantavirus update, PCOS name change, ‘cheeky’ fish behavior | Science Quickly Podcast","In this episode of Science Quickly, we get the latest on the hantavirus outbreak with Tanya Lewis, Scientific American's senior ...",Scientific American,UC_xYMXx_-mAzheKyEtwtCAQ,2026-05-18 13:01:22+00:00,hantavirus update,https://www.youtube.com/watch?v=voiuEKaBs1I,206,26,4,3,2026,2026-05,medical_expert
moMogbmIb2c,Hanta Virus Alert | World Health Organization Issues Update on Hanta Virus,The World Health Organization has assessed the global risk from the ongoing Hanta virus outbreak and confirmed that the threat ...,Gulf News Updates,UCJgoZmmahRJ1osBLxefS8jw,2026-05-18 11:58:38+00:00,hantavirus update,https://www.youtube.com/watch?v=moMogbmIb2c,1435,19,0,0,2026,2026-05,news_media
l1kkW15iLMw,BREAKING NEW HANTAVIRUS CRUISE UPDATES,We talk through breaking cruise news regarding Hantavirus outbreak onboard a cruise ship that is actively being monitored ...,JJ Cruise,UC0acrAIjquvyv0K_Rw_0KgQ,2026-05-17 15:30:24+00:00,hantavirus update,https://www.youtube.com/watch?v=l1kkW15iLMw,8062,702,77,42,2026,2026-05,general_trending
yZTMkyq6fyY,What is hantavirus and how is it spread? | BBC News,"Three people have died after a suspected hantavirus outbreak on a cruise ship sailing in the Atlantic Ocean, according to the ...",BBC News,UC16niRr50-MSBwiO3YDb3RA,2026-05-05 17:01:16+00:00,hantavirus risk explained,https://www.youtube.com/watch?v=yZTMkyq6fyY,2085951,31208,6126,1063,2026,2026-05,news_media
Npe9CPjVcA0,What you need to know about Hantavirus | BBC News,The outbreak of hantavirus on a cruise ship carrying passengers from across the world is a situation that authorities say they are ...,BBC News,UC16niRr50-MSBwiO3YDb3RA,2026-05-08 20:30:04+00:00,hantavirus risk explained,https://www.youtube.com/watch?v=Npe9CPjVcA0,160296,1858,604,318,2026,2026-05,news_media
3kke7qAGWFQ,How to Survive a Hantavirus,"http://www.ucsf.edu/news/2012/08/12648/hantavirus-be-careful-not-fearful UCSF's Charles Chiu, MD, PhD, discusses hantavirus, ...",UC San Francisco (UCSF),UCTFbirR7VEaj534FgNxKsaw,2012-08-30 16:39:16+00:00,hantavirus risk explained,https://www.youtube.com/watch?v=3kke7qAGWFQ,2993383,175183,54253,1256,2012,2012-08,medical_expert
lUGCswwHmls,Hantavirus risk,"Hantavirus MV Hondius, a cruise ship with 148 passengers Deaths, 3 Confirmed infections, 2 Suspected, 8 At least 29 ...",Dr. John Campbell,UCF9IOB2TExg3QIBupFtBDxg,2026-05-08 16:04:59+00:00,hantavirus risk explained,https://www.youtube.com/watch?v=lUGCswwHmls,1023341,55074,10255,1188,2026,2026-05,medical_expert
tcmMZxnbcvc,Cruise ship hantavirus: Doctor explains the risk,A suspected hantavirus outbreak on a luxury cruise ship held off the coast of South Africa has left at least three people dead and ...,CBC News: The National,UCKjU3KzdbJE1EFcHVqXC3_g,2026-05-05 02:00:54+00:00,hantavirus risk explained,https://www.youtube.com/watch?v=tcmMZxnbcvc,18595,185,0,0,2026,2026-05,news_media
X7QXCc6f1nk,"Hantavirus Pulmonary Syndrome Explained | Symptoms, Risks &amp; Prevention | Dr. Mandell",Hantavirus Pulmonary Syndrome (HPS) is a rare but potentially deadly viral infection that many people know very little about.,Body Revival MD,UCrGbfhjQ35Lh28zRGiNt5JQ,2026-05-16 21:03:51+00:00,hantavirus risk explained,https://www.youtube.com/watch?v=X7QXCc6f1nk,197,10,9,7,2026,2026-05,medical_expert
uHqL3VcqTI8,Hantavirus explained as health experts confirm &#39;Andes&#39; strain outbreak,A virus outbreak on board a cruise ship has killed three passengers and left others in hospital after being evacuated. [Subscribe to ...,Channel 4 News,UCTrQ7HXWRRxr7OsOtodr2_w,2026-05-06 16:42:56+00:00,hantavirus risk explained,https://www.youtube.com/watch?v=uHqL3VcqTI8,89841,973,417,166,2026,2026-05,news_media
l2C4FrBUOKo,How Dangerous Is Hantavirus?,"A cruise ship outbreak has renewed interest in hantavirus, a rare but lethal virus with no cure.⁠ #Hantavirus #Disease #WSJ.",The Wall Street Journal,UCK7tptUDHh-RYDsdxO1-5QQ,2026-05-06 21:50:55+00:00,hantavirus risk explained,https://www.youtube.com/watch?v=l2C4FrBUOKo,229518,4225,376,243,2026,2026-05,news_media
JRbZOQiz9yo,Hantavirus Explained | ABC NEWS,Dr Norman Swan explains the origins of hantavirus and whether an outbreak on a cruise ship could be the beginning of another ...,ABC News (Australia),UCVgO39Bk5sMo66-6o6Spn6Q,2026-05-11 05:30:09+00:00,hantavirus risk explained,https://www.youtube.com/watch?v=JRbZOQiz9yo,63508,541,0,0,2026,2026-05,news_media
mFc5kylM8UM,"Hantavirus Pulmonary Syndrome Explained | Symptoms, Risks &amp; Prevention | Dr. William Li",Hantavirus is a rare but potentially deadly virus carried by rodents that can rapidly attack the lungs and cardiovascular system.,Bio Bites,UCGwwtTMwGssdqf9l_UtPFWQ,2026-05-15 23:55:13+00:00,hantavirus risk explained,https://www.youtube.com/watch?v=mFc5kylM8UM,344607,13369,1039,806,2026,2026-05,medical_expert
1uPXM6yHcw4,What’s Hantavirus?  Doctor Explains #hantavirus #genehackman #health,Feel free to SUBSCRIBE for new #shorts #videos https://www.youtube.com/c/MikeMuellnerMD?sub_confirmation=1 LET'S ...,"Mike Muellner, M.D.",UC_KVWB_RjrL9szQhA1-i1qw,2025-03-12 03:29:58+00:00,hantavirus risk explained,https://www.youtube.com/watch?v=1uPXM6yHcw4,150119,0,210,130,2025,2025-03,medical_expert
HOV0QHunlns,Why you shouldn&#39;t worry about a hantavirus outbreak now,"CNN's Dr. Sanjay Gupta goes through the levels of concern surrounding hantavirus, including if this outbreak will turn into another ...",CNN,UCupvZG-5ko_eiXAupbDfxWw,2026-05-08 22:37:01+00:00,hantavirus risk explained,https://www.youtube.com/watch?v=HOV0QHunlns,86700,1571,242,110,2026,2026-05,news_media
Gmoasjpf_K4,"The Dangerous Truth About Hantavirus: Symptoms, Transmission &amp; Causes! | Dr. Jen Caudle",Hantavirus is dangerous- potentially quite deadly. Learn about this rare virus here in this video. To learn how to protect yourself ...,Dr. Jen Caudle,UCLpPdayeUfDyh6jg3oN-GIg,2026-05-04 22:38:47+00:00,hantavirus symptoms transmission,https://www.youtube.com/watch?v=Gmoasjpf_K4,36296,1124,172,98,2026,2026-05,medical_expert
XPo-_3a4gXo,"Hantavirus Explained | Symptoms, Transmission &amp; Management | CanadaQBank","In this high-yield infectious disease review, we explain Hantavirus — a rodent-borne virus that can cause severe respiratory ...",CanadaQBank,UCeRsidsFcCrF-YSHOa08DnA,2022-06-22 04:08:00+00:00,hantavirus symptoms transmission,https://www.youtube.com/watch?v=XPo-_3a4gXo,12222,169,15,8,2022,2022-06,general_trending
20byWNN5ZqA,Spotting Hantavirus: Key Symptoms &amp; Prevention Tips 🔍,"Hantavirus is making headlines after Gene Hackman's wife Betsy Arakawa's passing. Dr. Ross Cohen breaks down the risks, ...",Hippo Education,UCffgbZCo4l5awQn4BfuEHXA,2025-03-21 04:00:02+00:00,hantavirus symptoms transmission,https://www.youtube.com/watch?v=20byWNN5ZqA,255591,4032,0,0,2025,2025-03,general_trending
YTI-24LLH-U,How contagious is hantavirus?,"Hantavirus, a rare disease typically caused by exposure to infected rodents' urine or feces, is suspected in the deaths of AT ...",CNN,UCupvZG-5ko_eiXAupbDfxWw,2026-05-04 20:33:13+00:00,hantavirus symptoms transmission,https://www.youtube.com/watch?v=YTI-24LLH-U,44006,614,74,40,2026,2026-05,news_media
R5PqcngCWp4,Hantavirus Situation Is Insane,"References below In-depth channel: @HemeReview Secret channel: @BigEmus Music inspired by R. Prince, performed by ...",Chubbyemu,UCKOvOaJv4GK-oDqx-sj7VVg,2026-05-11 22:05:07+00:00,hantavirus symptoms transmission,https://www.youtube.com/watch?v=R5PqcngCWp4,2278222,108244,9695,1185,2026,2026-05,general_trending
94I52t-MMK8,"Hantavirus Basics - Cases, Reservoir, Transmission, Incubation, Symptoms, Prevent | Public Health","In this video, we delve deep into Hantavirus, a deadly virus that can cause serious diseases like Hantavirus Pulmonary Syndrome ...",Whiteboard Medicine Emergency And Critical Care,UCiMhM7xCTT8b5SJRnhpH7Ag,2025-03-27 23:06:59+00:00,hantavirus symptoms transmission,https://www.youtube.com/watch?v=94I52t-MMK8,3314,114,28,11,2025,2025-03,medical_expert
ow-wgzI8Vwo,"Hantavirus Explained by a Dermatologist: Symptoms, Skin Signs &amp; Outbreak Update","Today dermatologist Dr. Dray discusses hantavirus, including the recent MV Hondius cruise ship outbreak, how hantavirus ...",Dr Dray,UCnxmUrGMtpQT844Yd_l7Zyg,2026-05-13 16:01:28+00:00,hantavirus symptoms transmission,https://www.youtube.com/watch?v=ow-wgzI8Vwo,29388,1420,170,79,2026,2026-05,medical_expert
PPZt0LzELVA,How contagious is Hantavirus?,"Hantavirus, a rare disease typically caused by exposure to infected rodents' urine or feces, is suspected in the deaths of AT ...",WJACTV,UCwg7WeUcP9hDMNoyBLHrFzQ,2026-05-05 15:33:55+00:00,hantavirus symptoms transmission,https://www.youtube.com/watch?v=PPZt0LzELVA,4593,38,7,2,2026,2026-05,general_trending
5EKnug643OY,A health expert explains what hantavirus is and how it spreadsーNHK WORLD-JAPAN NEWS,"A recent outbreak of hantavirus on a cruise ship has so far resulted in seven confirmed infections, and three deaths. While the ...",NHK WORLD-JAPAN,UCSPEjw8F2nQDtmUKPFNF7_A,2026-05-12 10:19:32+00:00,hantavirus expert explains,https://www.youtube.com/watch?v=5EKnug643OY,6499,0,0,0,2026,2026-05,news_media
9DC35qoeWH0,"Hantavirus Outbreak: Virus Expert Explains Risk, Immunity, And Sunlight | Dr. Roger Seheult",A deadly hantavirus outbreak linked to a cruise ship is making headlines around the world. But how worried should you really be?,Physicians Committee,UCUPQjZzb_Gf_EuXTjAbGBnw,2026-05-12 16:32:44+00:00,hantavirus expert explains,https://www.youtube.com/watch?v=9DC35qoeWH0,18026,797,146,70,2026,2026-05,medical_expert
ZncfH7nKX74,Hantavirus: Expert explains what you NEED to know,How concerned should the public be about the Andes hantavirus outbreak linked to the MV Hondius cruise ship? In this MedPage ...,MedPage Today,UC6MvIpGxljZrvmpgr4b19AQ,2026-05-13 18:11:24+00:00,hantavirus expert explains,https://www.youtube.com/watch?v=ZncfH7nKX74,5004,132,19,15,2026,2026-05,medical_expert
UMJJFnxPdZg,Why Experts Say Hantavirus Isn’t Like COVID,"An outbreak of hantavirus aboard the Dutch cruise ship MV Hondius has so far sickened eight people, killing three of them. Five of ...",TIME,UC8Su5vZCXWRag13H53zWVwA,2026-05-13 18:34:48+00:00,hantavirus expert explains,https://www.youtube.com/watch?v=UMJJFnxPdZg,184905,3128,369,184,2026,2026-05,news_media
ZGFmvC9TVsg,"Hantavirus Pulmonary Syndrome Explained | Symptoms, Risks &amp; Prevention | Dr Alan Mandell",Hantavirus Pulmonary Syndrome (HPS) is a rare but serious viral disease that can quickly become life-threatening if early warning ...,Focus on Natural Health,UCRviBi4hft2R-0UQ31nEBbA,2026-05-17 19:00:25+00:00,hantavirus expert explains,https://www.youtube.com/watch?v=ZGFmvC9TVsg,83634,2049,212,142,2026,2026-05,medical_expert
QLIPRp7YMaA,Medical expert explains symptoms of hantavirus in wake of deadly cruise ship outbreak,There has been a lot in the news lately about hantavirus. The rare disease generated a lot of buzz when passengers on board a ...,News4JAX The Local Station,UC_YFbvKedjnVjqrZqBR4L8Q,2026-05-07 11:45:20+00:00,hantavirus expert explains,https://www.youtube.com/watch?v=QLIPRp7YMaA,688,6,1,1,2026,2026-05,news_media
SgAnBAO6eCo,Hantavirus facts vs. fiction: Experts break down what you should know,"While the CDC maintains risk to the public surrounding the latest hantavirus outbreak is low, monitoring of passengers continues.",NBC Chicago,UCL9C44BZd_8hRa9OPMjIpMg,2026-05-13 22:31:21+00:00,hantavirus expert explains,https://www.youtube.com/watch?v=SgAnBAO6eCo,289,1,1,0,2026,2026-05,medical_expert
KcAHHDfaPRY,Hantavirus outbreak | One expert explains how it can spread,One expert explains how Hantavirus could spread during travel. Read more: KCENTV.com SUBSCRIBE | http://bit.ly/2Z6mT7N ...,KCENNews,UCjq9ElqnV7Df6NLb4oDHKqQ,2026-05-05 22:26:36+00:00,hantavirus expert explains,https://www.youtube.com/watch?v=KcAHHDfaPRY,321,3,2,2,2026,2026-05,news_media
MC9zNrcGNOM,What is hantavirus? Infectious disease expert explains after cruise ship deaths | ChicagoLIVE,"Dr. Graeme Forrest of Rush University Medical Center joins the show to break down what hantavirus is, how it spreads and what ...",FOX 32 Chicago,UCFmofUYwZd1Ibf_O3PF71jg,2026-05-04 19:55:38+00:00,hantavirus expert explains,https://www.youtube.com/watch?v=MC9zNrcGNOM,542,9,1,1,2026,2026-05,medical_expert
r8oAdeXl6yo,Experts are getting chronic fatigue syndrome from having to explain that hantavirus is NOT Covid 2.0,,The Daily Show,UCwWhs_6x42TyRM4Wstoq8HA,2026-05-14 18:00:33+00:00,hantavirus expert explains,https://www.youtube.com/watch?v=r8oAdeXl6yo,113967,6585,120,83,2026,2026-05,political_commentary
0lqoSy6__C0,Hantavirus: Listen to the scientists,"I'm just a journalist, not a scientist. I let them do the research, and I do the informing. #hantavirus #epidemiology #publichealth ...",Maxwell Burton,UCIxvhhjups0CqzvjPbbOR8A,2026-05-18 10:37:02+00:00,hantavirus public health,https://www.youtube.com/watch?v=0lqoSy6__C0,534,11,0,0,2026,2026-05,general_trending
jCcwZcewhiY,You Don&#39;t Need a Bite to Get Hantavirus #health #hantavirus,"Dr. Yasin provides a crucial health alert regarding the hanta virus, explaining its origins and transmission. He emphasizes the ...",SKIN4U Med Spa And Health Clinic,UCE6WqCxoZVx3P4_hMI6466w,2026-05-15 23:00:17+00:00,hantavirus public health,https://www.youtube.com/watch?v=jCcwZcewhiY,53871,986,83,48,2026,2026-05,medical_expert
mGSfmlfLtpg,Is Hantavirus the Next Pandemic?,"Why are scientists paying such close attention to the hantavirus outbreak? In this episode of That's Life, Insoo Hyun explains ...",Museum of Science,UCeYda7MUy54yNYJya8txkJA,2026-05-13 15:03:36+00:00,hantavirus public health,https://www.youtube.com/watch?v=mGSfmlfLtpg,100177,1467,66,39,2026,2026-05,medical_expert
a7_EdnzJHUE,Official who leads public outreach on Hantavirus had little experience and is a penile specialist.,Subscribe for more!,Aaron Parnas,UCyxcZgX1wNU-nk1yB9CvzSw,2026-05-15 15:11:50+00:00,hantavirus public health,https://www.youtube.com/watch?v=a7_EdnzJHUE,103897,10592,554,342,2026,2026-05,political_commentary
M_CVyyPAseE,POV: Nurses hearing &quot;Hantavirus&quot; on the news 🐭💀 #shorts  #pandemic,"Did someone say ""Pandemic 2.0""? Nursing PTSD is officially entering the chat! Between the Hantavirus headlines and the ...",NurseZee,UCpTJRtcZvAa07ue6RAbgZKw,2026-05-17 23:30:04+00:00,hantavirus public health,https://www.youtube.com/watch?v=M_CVyyPAseE,18444,439,27,21,2026,2026-05,news_media
91wq7zLx4bQ,COVID-19 vs Hantavirus: the key difference,A Hantavirus outbreak aboard the MV Hondius cruise ship has put a rare and deadly virus back in the spotlight. At least three ...,Roundtable,UCxE0UJ9cfjUD_FLJkxKaH5w,2026-05-14 16:30:25+00:00,hantavirus public health,https://www.youtube.com/watch?v=91wq7zLx4bQ,40853,319,44,21,2026,2026-05,general_trending
qexFYI64GYw,എന്താണ് ഹാന്‍റാ വൈറസ്? | Hanta virus,Hantavirus #HealthAlert #VirusAwareness #PublicHealth #DiseasePrevention #HealthNews #amritanews #amritatv Amrita News ...,Amrita News,UC3OuQHDTc6TcA0O_Hq83BMg,2026-05-17 05:38:48+00:00,hantavirus public health,https://www.youtube.com/watch?v=qexFYI64GYw,10896,48,0,0,2026,2026-05,news_media
ljgy8rOojJc,How Hantavirus Exposed The Trump Administration,Hantavirus is exposing what happens when a government dismantles its public health infrastructure. Zeteo spoke to two medical ...,Zeteo,UCVG72F2Q5yCmLQfctNK6M2A,2026-05-15 17:42:29+00:00,hantavirus public health,https://www.youtube.com/watch?v=ljgy8rOojJc,27333,2589,139,93,2026,2026-05,political_commentary
Eqe7f9tPtas,Hantavirus and misinformation,"Not every public health emergency is a pandemic. As hantavirus news spreads, try to separate the science from the ...",Vox,UCLXo7UDZvByw2ixzpQCufnA,2026-05-12 17:26:50+00:00,hantavirus public health,https://www.youtube.com/watch?v=Eqe7f9tPtas,104063,1515,114,52,2026,2026-05,news_media
Ip3zL1qnu1o,"Hantavirus confirmed for suspected individual | CTV National News for Sunday, May 17, 2026",Yesterday's 'presumptive positive' hantavirus case has now been confirmed; Conservative MP Michael Chong visiting Taiwan ...,CTV News,UCi7Zk9baY1tvdlgxIML8MXg,2026-05-18 04:34:39+00:00,hantavirus 2026,https://www.youtube.com/watch?v=Ip3zL1qnu1o,32431,166,47,11,2026,2026-05,news_media
jbu8Jj23IfE,From Ebola to Hantavirus — 5 Viruses Are Spreading Worldwide ⚠️#hantavirus #unitedstates #fpy #2026,,Geo Kingdom,UC-Yzq_Op59JXY4JF6RRPbGA,2026-05-17 12:41:33+00:00,hantavirus 2026,https://www.youtube.com/watch?v=jbu8Jj23IfE,21242,0,42,30,2026,2026-05,general_trending
5spLqJ01P4U,Canadian in isolation tests presumptively positive for hantavirus after leaving cruise ship,One of the four Canadians isolating in B.C. after disembarking the hantavirus-stricken cruise ship has tested presumptively ...,CBC News,UCuFFtHWoLl5fauMMD5Ww2jA,2026-05-16 19:59:02+00:00,hantavirus 2026,https://www.youtube.com/watch?v=5spLqJ01P4U,21055,202,0,0,2026,2026-05,news_media
7gasefSClQ8,POV:Cruise ship that hit hantavirus #2026 #memes #hantavirus #funny #pov #shorts,,Pick Country ,UC_0wHoSlmrkb9iy1cj73b6Q,2026-05-18 10:12:27+00:00,hantavirus 2026,https://www.youtube.com/watch?v=7gasefSClQ8,1318,24,0,0,2026,2026-05,general_trending
yvfyq3FB2BI,What is Hantavirus?,"What is hantavirus? What happens if you get hantavirus? Is this COVID 2.0? Recently, a cluster of hantavirus infections occurred ...",Maddie Massy,UCS5ZrdD5V0GXxCDiFCVUABg,2026-05-12 07:45:04+00:00,hantavirus 2026,https://www.youtube.com/watch?v=yvfyq3FB2BI,240453,3475,385,206,2026,2026-05,general_trending
oEA5fUXgGa8,Here’s why hantavirus isn&#39;t the new Covid,"As fears grow around a hantavirus outbreak linked to a cruise ship, many are wondering whether this could become a global ...",Channel 4 News,UCTrQ7HXWRRxr7OsOtodr2_w,2026-05-12 11:25:06+00:00,hantavirus 2026,https://www.youtube.com/watch?v=oEA5fUXgGa8,51249,800,108,71,2026,2026-05,news_media
t2ATqbdKv_s,WHAT IS HANTAVIRUS?😳,"A terrifying virus called Hantavirus is spreading fear again in 2026… This video explains the symptoms, risks, and prevention ...",Voice Of Megh,UCa6cvjZClPqCXbga6pURoJw,2026-05-18 11:30:41+00:00,hantavirus 2026,https://www.youtube.com/watch?v=t2ATqbdKv_s,27770,1812,45,30,2026,2026-05,general_trending
8q87_5cpPc4,Number of Americans being monitored for hantavirus grows,U.S. officials say the number of Americans being monitored after a deadly hantavirus outbreak on a cruise ship has risen.,CBS News,UC8p1vwvWtl6T73JiExfWs1g,2026-05-15 18:02:44+00:00,hantavirus 2026,https://www.youtube.com/watch?v=8q87_5cpPc4,28774,264,115,63,2026,2026-05,news_media
DH6hP5XAqBM,Hantavirus : une épidémie circonscrite ?,La menace hantavirus est-elle en train de s'éloigner ? Tous les cas contacts français ont été testés négatifs et ne présentent pas ...,M6 Info,UC3Sk_YpjPd_Lz_oPQfhPQXQ,2026-05-16 13:04:53+00:00,hantavirus 2026,https://www.youtube.com/watch?v=DH6hP5XAqBM,4686,44,30,28,2026,2026-05,news_media
hjAdfGIEfjg,"La crise de l&#39;hantavirus, une gigantesque mise en scène de l&#39;Espagne ? Intox ! • FRANCE 24",La crise de l'hantavirus a-t-elle été mise en scène par l'Espagne ? C'est ce qu'affirment des internautes qui s'appuient sur ...,FRANCE 24,UCCCPCZNChQdGa9EkATeye4g,2026-05-15 20:41:05+00:00,hantavirus 2026,https://www.youtube.com/watch?v=hjAdfGIEfjg,83617,591,636,382,2026,2026-05,news_media
